studentID,terms,final_grade_per,quartiles_finished_per,problems_tried_per,problems_correct_per
Student_1,1,0.4207407229812816,0.22065719193778932,0.3539512255229056,0.051988140447065234
Student_1,2,0.7595725915511138,0.7472091866657138,0.2324505914002657,0.21593792038038373
Student_1,3,0.9465128959738649,0.3202813467942178,0.9099776174407452,0.9677277992013842
Student_2,1,0.8935407201293856,0.2238632852677256,0.16604835772886872,0.19407124305143952
Student_2,2,0.9068432191270404,0.4884980565402657,0.5270552234724164,0.45798642188310623
Student_2,3,0.842788904660847,0.8439347534440458,0.48233113065361977,0.8157922045793384
Student_3,1,0.5989764789002947,0.8223975251894444,0.6228337688371539,0.3268681513145566
Student_3,2,0.590241534949746,0.6503252766560763,0.5293002768885344,0.0162371841724962
Student_3,3,0.7655313458875752,0.8004820020869374,0.16323449206538498,0.13815497956238687
Student_4,1,0.5232275228365324,0.11289908969774842,0.982587854610756,0.77041469886898994
Student_4,2,0.6584214670700022,0.14486650517210364,0.5417626020498574,0.641886587254703
Student_4,3,0.6915372182033024,0.6567791067063808,0.7297045609448105,0.4225906552746892
Student_5,1,0.4817983147222549,0.11322002881206572,0.733970244647935,0.6284249052405357
Student_5,2,0.8708701958530582,0.8365913985762745,0.7795329806394875,0.4863663965370506
Student_5,3,0.5501144379959442,0.8433346254751086,0.9772085272707045,0.09189042402431369
Student_6,1,0.8385778823052532,0.4433571263216436,0.02599339676089585,0.7138022985309362
Student_6,2,0.7609523992869072,0.3899436700157821,0.12793893064372241,0.33528382517397404
Student_6,3,0.4464386531733908,0.8573248032480478,0.2670033925678581,0.784238044405356
Student_7,1,0.8763565182336606,0.7669077573809773,0.12463298719376326,0.10539472196251154
Student_7,2,0.7843828834942541,0.03566327830776572,0.09103702032007277,0.12961684120818973
Student_7,3,0.8674861836130731,0.3799201224464923,0.41012616362422705,0.27984215365722775
Student_8,1,0.5145354575710371,0.8512637761887163,0.09966472489759326,0.8064141443464905
Student_8,2,0.6445858595776371,0.401552238734439,0.930755908600986,0.3448307942599058
Student_8,3,0.5514928517048248,0.5700420769862831,0.06309140915982425,0.20371456327848136
Student_9,1,0.5126822671853006,0.7766749972943217,0.3841065727174282,0.04693416180089116
Student_9,2,0.5780125241377391,0.8056364476215094,0.29468627111054957,0.9892835025675595
Student_9,3,0.8508373379940166,0.11139193619601429,0.7454938068985939,0.6786673099268228
Student_10,1,0.4262684927554801,0.48939976654946804,0.024784720968455076,0.827791933901608
Student_10,2,0.5777844921452925,0.5337153822183609,0.03112450265325606,0.24806205928325653
Student_10,3,0.6430238908389583,0.9897858400363475,0.023394499672576785,0.6077495408244431
Student_11,1,0.8407486365293153,0.31712348153814673,0.3412974001839757,0.9820044441148639
Student_11,2,0.42963443169137466,0.10257794801145792,0.6582822781056166,0.3411234028171748
Student_11,3,0.47501655473606663,0.1840435576159507,0.865890703164041,0.8862769044935703
Student_12,1,0.8547559527680277,0.24914921005256474,0.9269764039199799,0.7146495427004993
Student_12,2,0.6213434098288417,0.3234297074377537,0.8503504514228553,0.0502589731477201
Student_12,3,0.41478394891601056,0.683814805932343,0.36486236192286015,0.9270093138329685
Student_13,1,0.535137592558749,0.442271237494424,0.7814696843270212,0.16387935145758092
Student_13,2,0.7952777648344636,0.05519027775153518,0.17162143136374652,0.9253235573414713
Student_13,3,0.6984252429683693,0.18588163587264717,0.9198073628358543,0.4033921586815268
Student_14,1,0.8191018851823173,0.1931303283199668,0.798713336000219,0.5946224604267627
Student_14,2,0.6108610954019241,0.8301700430456549,0.2519201044924557,0.785915456013754
Student_14,3,0.42871894786367193,0.3235896092373878,0.25836733798496425,0.43331357603892684
Student_15,1,0.7003923327545636,0.6644992935471237,0.2428715736605227,0.4382684864103794
Student_15,2,0.597928383492399,0.07451404724270105,0.5355765246786177,0.16918486123904586
Student_15,3,0.83348586810752745,0.8784741389099509,0.19123443053103983,0.41274463618174195
Student_16,1,0.6897310428670607,0.6729185408912599,0.5352904626633972,0.14309306116774678
Student_16,2,0.47553436850430447,0.6862364069093019,0.6852120915427804,0.49725591647438705
Student_16,3,0.523648327391129,0.6828318957705051,0.21161700412631035,0.5022100545465946
Student_17,1,0.9304671672754921,0.3197764507494867,0.008890807395800948,0.4337166757322848
Student_17,2,0.49652358120074497,0.24664063099771738,0.5733196481596678,0.8576045429799706
Student_17,3,0.41489032664103437,0.7935507907532156,0.23809672077186406,0.16953249205835164
Student_18,1,0.5019459007657133,0.36950157303363085,0.7761978446505964,0.18583752331323922
Student_18,2,0.6626325064571574,0.47070737881585956,0.9776222002692521,0.6492635626345873
Student_18,3,0.568253137904685,0.4749076592270285,0.3088617941830307,0.34725928329862654
Student_19,1,0.5217700554057956,0.015798190142959356,0.45993915712460876,0.6696386295370758
Student_19,2,0.5350218493957073,0.37180556752718985,0.09028067183680832,0.8752497660461813
Student_19,3,0.6245296275010332,0.2400732699315995,0.5867114220745862,0.18471457110717893
Student_20,1,0.4084253891720437,0.1491396010387689,0.7332808445207775,0.17693007364869118
Student_20,2,0.5697246483061462,0.8239111327566206,0.03397213271819055,0.2088293437846005
Student_20,3,0.5259377011912875,0.26408813055604696,0.7460585068911314,0.16872362792491913
Student_21,1,0.9494524798588827,0.39219597447663546,0.18285411945544183,0.2642580789979547
Student_21,2,0.7251276586786843,0.9975015649106354,0.39715986303053796,0.40095168608240783
Student_21,3,0.9390186414821073,0.6251830903347582,0.2652556130196899,0.2154742709826678
Student_22,1,0.40697437836788597,0.14056461676955223,0.6229176982305944,0.14505439926870167
Student_22,2,0.7959480322082526,0.36057548178359866,0.16724694822914898,0.4507919263560325
Student_22,3,0.733669397747144,0.2176640615798533,0.7102233252953738,0.985736864618957
Student_23,1,0.8524065436096862,0.1470128600485623,0.13335020141676068,0.833784268470481
Student_23,2,0.557031447661575,0.19154387130402029,0.4369149731937796,0.1117042654659599
Student_23,3,0.43048726485576483,0.0964006232097745,0.0639778901822865,0.9696722249500453
Student_24,1,0.4536174083594233,0.27880186797119677,0.1815403017681092,0.8566226630937308
Student_24,2,0.5841994786052964,0.0444062149617821,0.5870593299623579,0.2197853133548051
Student_24,3,0.8340998384868725,0.6069943949114531,0.031486043240875006,0.977872216142714
Student_25,1,0.654190114152152,0.30861348821781576,0.9246208225376904,0.1066533864941448
Student_25,2,0.4026235603145324,0.43905037082731724,0.7146622647996992,0.4333860829938203
Student_25,3,0.6819969608099199,0.11357316188514233,0.6592116251122206,0.1750706355087459
Student_26,1,0.7432398190605454,0.4663399374112487,0.08169057010672987,0.8359669067431241
Student_26,2,0.7741411090129986,0.15298978192731738,0.4615234285593033,0.2614823095500469
Student_26,3,0.7174473661347291,0.6285018261987716,0.11620455794036388,0.2429693064186722
Student_27,1,0.5894928846159019,0.8740529054775834,0.6524093970656395,0.7030605257023126
Student_27,2,0.6798500254168175,0.38587360898964107,0.06819282285869122,0.6468153016176075
Student_27,3,0.9225751637131907,0.22823291714303195,0.7280653044581413,0.7465254340786487
Student_28,1,0.4782666535698809,0.491325706243515,0.06473095179535449,0.24544539325870574
Student_28,2,0.5416303941747174,0.5592546488624066,0.44181740027852356,0.22574067139066756
Student_28,3,0.4715460062841885,0.6434926583897322,0.2313616289757192,0.4811500993091613
Student_29,1,0.5697745324694552,0.5869125023018569,0.7378562521189451,0.37711039395071566
Student_29,2,0.8151243004831485,0.0014649375807493925,0.10373678780160844,0.9452999029308558
Student_29,3,0.47545894545037304,0.24448482086881995,0.28170606098137796,0.42811851878650486
Student_30,1,0.9226562480325811,0.6108716570306569,0.985006979200989,0.13037676108069718
Student_30,2,0.5895926332217641,0.4140122956596315,0.07835553027689457,0.715767988236621
Student_30,3,0.477381486305967,0.9413589923642576,0.9421884587500244,0.4427526274230331
Student_31,1,0.43361308182356884,0.6695873877033591,0.22630969854071736,0.21374328387901187
Student_31,2,0.6121387730585411,0.012749453075230122,0.056962350849062204,0.9636192542966455
Student_31,3,0.8243971455842256,0.01894171442836523,0.29106688988395035,0.697137194685638
Student_32,1,0.7042520119226537,0.5530407808255404,0.2649420609232038,0.7965105478651822
Student_32,2,0.5521376310265623,0.8841702230274677,0.2001910915132612,0.09833008353598416
Student_32,3,0.8565883814240806,0.45784032181836665,0.536891930969432,0.16109019564464688
Student_33,1,0.8189995765918865,0.548500792356208,0.817261106800288,0.8558862754143775
Student_33,2,0.6630885336897336,0.8586199611891061,0.22195105091668665,0.8286257260479033
Student_33,3,0.5363190589239821,0.6300914199091494,0.4559456310234964,0.5748091475106776
Student_34,1,0.5712661855737678,0.8611808964051306,0.4500135648995638,0.3448331670369953
Student_34,2,0.7634148652316071,0.023231505183503032,0.7733351388014853,0.6275835551787168
Student_34,3,0.4433329420280643,0.12628938048146665,0.09629931044764817,0.9024911685846746
Student_35,1,0.6792461112141609,0.9481628763023764,0.808479096274823,0.33039043354801834
Student_35,2,0.4505058950860985,0.7258383405860513,0.3406746455002576,0.6828980464488268
Student_35,3,0.8231850102427416,0.4262202058453113,0.8384340249467641,0.14699054067023098
Student_36,1,0.7588818818214349,0.08587912586517632,0.713868206134066,0.570315916556865
Student_36,2,0.5718714514165185,0.43774729687720537,0.08936060313135386,0.5309908536728472
Student_36,3,0.9034948926186188,0.7773140468634665,0.0490366464946419,0.06540659349411726
Student_37,1,0.4013429327402264,0.8890943825244904,0.7546032981481403,0.18551838747225702
Student_37,2,0.8303666803869418,0.9245242371689528,0.4092473404016346,0.6607683696784079
Student_37,3,0.4350473354919814,0.8106525961775333,0.8180091625545174,0.03064913023263216
Student_38,1,0.8722217021277174,0.929200735874474,0.813116461969912,0.028194615617394447
Student_38,2,0.8523932148120366,0.05125194485299289,0.5151128908619285,0.25541746988892555
Student_38,3,0.7637601559399627,0.1274437822867185,0.9961740234866738,0.4341960474848747
Student_39,1,0.6768504397245123,0.5461204228922725,0.49618567898869514,0.3430961249396205
Student_39,2,0.8411372306873091,0.6993787158280611,0.008261631010100245,0.17460465570911765
Student_39,3,0.5990049300598912,0.4170661324169487,0.21772030089050531,0.9319696552120149
Student_40,1,0.4772907958016731,0.6424195778090507,0.14560456876643002,0.2835136812645942
Student_40,2,0.5639259362244047,0.3955995705910027,0.7093491521663964,0.21521994983777404
Student_40,3,0.49044722111430017,0.08484025439247489,0.6454783608205616,0.5556866161059588
Student_41,1,0.8538133188383654,0.31584752537310123,0.941851140698418,0.9803384577389807
Student_41,2,0.507727391505614,0.4414853162597865,0.6837913179770112,0.14185113343410194
Student_41,3,0.7743191604153252,0.8231883479747921,0.9890579734928906,0.9186119900550693
Student_42,1,0.7972204651683569,0.6784824249334633,0.9808094704058021,0.623377502663061
Student_42,2,0.5366678851540201,0.8888057679869235,0.3908501295372844,0.9529565856792033
Student_42,3,0.6615440048859454,0.3953375315759331,0.9938056878745556,0.06871660938486457
Student_43,1,0.6081451470614411,0.18246119772084057,0.13048271159641445,0.321639911737293
Student_43,2,0.6440563284792006,0.2724106467794627,0.21177269984036684,0.6296329074539244
Student_43,3,0.6373931249370799,0.3545962502248585,0.009459672262892127,0.1590172469150275
Student_44,1,0.8221556612057611,0.43979222048074007,0.373139881528914,0.07590065500698984
Student_44,2,0.9266531551023944,0.1625003768131137,0.5253484430722892,0.2049407041631639
Student_44,3,0.9347598795313388,0.4742912279907614,0.5952552563976496,0.4247160335071385
Student_45,1,0.642204474878963,0.3910598244983703,0.3861447600647807,0.12287979992106557
Student_45,2,0.47189741875045005,0.29018293088302016,0.8924417851958424,0.35222802963107824
Student_45,3,0.5408789634704589,0.11746176099404693,0.61591956182383,0.9141750386916101
Student_46,1,0.9165777990827336,0.21950136846862733,0.24115065741352737,0.2140540813561529
Student_46,2,0.9236615271191112,0.7030925704166293,0.9413197173271328,0.7719650184735656
Student_46,3,0.7831019142642617,0.5406235903501511,0.930286165792495,0.34515153151005507
Student_47,1,0.4076034713652916,0.4508101565297693,0.02291329810395837,0.44923261436633766
Student_47,2,0.8141099914675578,0.24828541674651206,0.8110108661931008,0.1359228785149753
Student_47,3,0.6023650942719542,0.9271680153906345,0.37444083020091057,0.4901221105828881
Student_48,1,0.6726549155777319,0.2730921576730907,0.10424128780141473,0.5714797319378704
Student_48,2,0.49373291693627835,0.35884190956130624,0.8170338608324528,0.30837694625370204
Student_48,3,0.7868991288356483,0.8909952361136675,0.5151881787460297,0.35097589902579784
Student_49,1,0.940767888247501,0.02883515623398125,0.9040370783768594,0.5852194242179394
Student_49,2,0.5158027858007699,0.3601095504127443,0.9419554111082107,0.46582542918622494
Student_49,3,0.700294193951413,0.4036293844692409,0.7984014740213752,0.18569054920226336
Student_50,1,0.5406398138380609,0.7779060294851661,0.5113091904204339,0.7500242854002863
Student_50,2,0.8006239487091079,0.8195048016496003,0.9635448504704982,0.09269038331694901
Student_50,3,0.4561022601788864,0.42338744061999023,0.17250486533157527,0.7922528607305139
Student_51,1,0.7420345501275734,0.8689130425918847,0.26277347235009074,0.8325118597131222
Student_51,2,0.7315172521048225,0.34413897222839296,0.7299120116513222,0.46440971991978586
Student_51,3,0.8907936946954578,0.7239448041655123,0.029779088450595737,0.46383914607577026
Student_52,1,0.7544396173441783,0.22650947514921427,0.9461890116799623,0.6913976767100394
Student_52,2,0.46309704274171964,0.13200910645537078,0.7819579299539328,0.8956645403522998
Student_52,3,0.6685515474178828,0.42005130159668624,0.1122696332167834,0.29754626005887985
Student_53,1,0.7856544176233,0.8636565648484975,0.34024125756695867,0.28507477091625333
Student_53,2,0.9168861644691787,0.5726594959851354,0.04094453668221831,0.9339324017055333
Student_53,3,0.8457496065297163,0.6250446066260338,0.4590549359563738,0.7305346918292344
Student_54,1,0.9469031231128611,0.31311956117860973,0.044680279679596424,0.8871869931463152
Student_54,2,0.7704010272631421,0.5830520626623183,0.37451451132074,0.022254270734265447
Student_54,3,0.5645423154812306,0.7621775360312313,0.021678357617929578,0.2974050515331328
Student_55,1,0.6447373816976324,0.20576194440945983,0.5707556160632521,0.07061529369093478
Student_55,2,0.5495631104684435,0.8878162214532495,0.8121407080907375,0.07916390639729798
Student_55,3,0.5727216138271615,0.5435035219416022,0.22001354885287583,0.4881954912561923
Student_56,1,0.4155659469193779,0.16536194435320795,0.9162196349352598,0.41268495796248317
Student_56,2,0.4034314343822189,0.3321340784896165,0.24690002226270735,0.2165570182260126
Student_56,3,0.6014404680812732,0.9357100501656532,0.9304211880080402,0.5035646606702358
Student_57,1,0.5647357897949405,0.44700814550742507,0.09044675622135401,0.710513589438051
Student_57,2,0.8917985591338947,0.1791791063733399,0.7422508401796222,0.06887810747139156
Student_57,3,0.9436841541319154,0.10457348334603012,0.14495270350016654,0.8480685020331293
Student_58,1,0.8370298727881162,0.6030735778622329,0.6396202256437391,0.09984845691360533
Student_58,2,0.8724574291845784,0.4704600805416703,0.6780076089780778,0.5333660456817597
Student_58,3,0.6102585469256155,0.5011935760267079,0.06744229234755039,0.3967452300712466
Student_59,1,0.8058815534808672,0.10879745753481984,0.19620279967784882,0.9369672513566911
Student_59,2,0.6854559749248437,0.6822463478893042,0.1406586254015565,0.8052559846546501
Student_59,3,0.4188027146505192,0.8326558349654078,0.49345027143135667,0.5251273275353014
Student_60,1,0.7169050424126908,0.7854493614286184,0.13801085040904582,0.4275711281225085
Student_60,2,0.6594937581801787,0.5475581635255367,0.12883255747146904,0.4633488121908158
Student_60,3,0.522573256934993,0.276543507585302,0.6732011821586639,0.10616710572503507
Student_61,1,0.48653158007655295,0.6869181923102587,0.6154098967090249,0.13962065568193793
Student_61,2,0.4151237740297802,0.11882118415087461,0.5450583773199469,0.8458664000499994
Student_61,3,0.6425860794377514,0.3315563518553972,0.09226128458976746,0.9901503396686167
Student_62,1,0.5535291357315145,0.8263910489622504,0.7586787811014801,0.7433398112189025
Student_62,2,0.5526602379628457,0.8302473274525255,0.10219476721249521,0.35083645721897483
Student_62,3,0.7340492120711133,0.7322371935006231,0.1639847548212856,0.5938746863976121
Student_63,1,0.482663991348818,0.750475354725495,0.27087978716008365,0.4982077721506357
Student_63,2,0.832886315905489,0.4422012041322887,0.1557862141635269,0.4629962674807757
Student_63,3,0.48341060993261636,0.6185277930926532,0.1301559207495302,0.7212350794579834
Student_64,1,0.9089386774576269,0.14320563967339694,0.8534961284603924,0.5124299293383956
Student_64,2,0.8799045834690332,0.020022969227284193,0.08773499960079789,0.25808658776804805
Student_64,3,0.5798132638446987,0.7692853182088584,0.3480721132364124,0.08180862269364297
Student_65,1,0.7444273431552574,0.21362931048497558,0.6285725017078221,0.972509145969525
Student_65,2,0.916854209289886,0.4747921763919294,0.20229791849851608,0.37305964319966733
Student_65,3,0.5824605630827137,0.36032903543673456,0.8860600141342729,0.43195052654482424
Student_66,1,0.6245486074476503,0.6314612524583936,0.6891542607918382,0.9052077701780945
Student_66,2,0.5498003589687869,0.6383405732922256,0.5867521695327014,0.4905152141582221
Student_66,3,0.8576515903580002,0.7485710820183158,0.8407578044570982,0.41641732421703637
Student_67,1,0.7463207127875648,0.8333925101906061,0.04664594633504748,0.9079245827160776
Student_67,2,0.6472406082670205,0.7403970619197935,0.8248245320282876,0.6223890867549926
Student_67,3,0.49580941183958205,0.19591485057026148,0.5440332267899066,0.7567373381461948
Student_68,1,0.8885380196967162,0.7365883958991617,0.5105867807287723,0.6013013529591262
Student_68,2,0.6513237853185274,0.2847682051360607,0.7305348613299429,0.1404221784323454
Student_68,3,0.7282468978781254,0.48184174415655434,0.6275311722420156,0.6863375082612038
Student_69,1,0.4243603640585207,0.37420442211441696,0.8162059541791677,0.29157805046997964
Student_69,2,0.9352306479006074,0.4547038753516972,0.7671113689430058,0.7305379121098667
Student_69,3,0.5061128883389756,0.4839145792648196,0.25287333712913096,0.6031196238473058
Student_70,1,0.5857654488645494,0.1367740398272872,0.15392988501116633,0.62083578878082335
Student_70,2,0.5842131840181537,0.9058024666737765,0.8007610042113811,0.5455428552813828
Student_70,3,0.8220417729462497,0.4828978411387652,0.16459695738740265,0.731292113661766
Student_71,1,0.763318530365359,0.48106327815912664,0.619439670117572,0.08436003793030977
Student_71,2,0.6380539085483179,0.6893065138719976,0.4666495712008327,0.3217956356238574
Student_71,3,0.9447242027032189,0.3233291038777679,0.3107548274565488,0.8433712630067021
Student_72,1,0.8223866067477501,0.7908245390281081,0.17898792191408575,0.8702103747054935
Student_72,2,0.7032121077994815,0.7176746600307524,0.6790689232293516,0.7206271903123707
Student_72,3,0.8464379484881647,0.009230990894138813,0.25822639954276383,0.09229472652077675
Student_73,1,0.7724043620051816,0.062438990687951446,0.6519839763641357,0.3055697181262076
Student_73,2,0.5745684678317048,0.18131273845210671,0.8192567345686257,0.45599697972647846
Student_73,3,0.8805317735415883,0.22227440681308508,0.4380894214846194,0.32903893757611513
Student_74,1,0.47163721042452383,0.057645164197310805,0.463175296317786,0.07992698415182531
Student_74,2,0.5983135476475582,0.3784998750779778,0.20693061966449022,0.4448636434972286
Student_74,3,0.6193585169385187,0.7480390954297036,0.3615367452148348,0.961725503206253
Student_75,1,0.49166138833388684,0.887493927963078,0.013652347028255463,0.6003493538592011
Student_75,2,0.5277442788821645,0.7612304899375886,0.2878996906802058,0.2888005315326154
Student_75,3,0.7895884965430013,0.930227461270988,0.9152044928632677,0.9527949625626206
Student_76,1,0.7945012627751566,0.14159953012131155,0.06486401474103332,0.3595394385047257
Student_76,2,0.4765896856784821,0.06142707634717226,0.9279767491389066,0.8548671931494027
Student_76,3,0.8190843155258335,0.7086458106059581,0.6190623876173049,0.17569050705060363
Student_77,1,0.8168635481852107,0.21960864984430373,0.353409958537668,0.12249535857699811
Student_77,2,0.8410559465992264,0.7661718653980643,0.30439580767415464,0.45609595463611186
Student_77,3,0.6499397250707262,0.46539977728389204,0.8635934083722532,0.9035206639673561
Student_78,1,0.4029456183081493,0.7439935288857669,0.3964222469367087,0.15800320892594755
Student_78,2,0.5909138418850489,0.8569416201207787,0.8570698495022953,0.4258989105001092
Student_78,3,0.4059647479094565,0.4092764228116721,0.8831850688438863,0.19345907866954803
Student_79,1,0.5195445276796817,0.3934408852364868,0.1059140965808183,0.7548184527549893
Student_79,2,0.9364127641543746,0.8480223722290248,0.5197498169727623,0.5925367386080325
Student_79,3,0.7728813070687466,0.5731414447072893,0.31835624668747187,0.7536459695547819
Student_80,1,0.8841970866080373,0.13550112512893975,0.42274874821305275,0.1482556068804115
Student_80,2,0.8280724542564712,0.3811737704090774,0.25276731443591416,0.23482525069266558
Student_80,3,0.8996892385883257,0.33734640828333795,0.5483539781998843,0.36573646450415254
Student_81,1,0.7271096185548231,0.8229002950247377,0.7669218741357327,0.841626864625141
Student_81,2,0.9019875886617228,0.8668081185314804,0.09814124181866646,0.3518238191027194
Student_81,3,0.9484705411829054,0.8487140212673694,0.659901054110378,0.6543430357705802
Student_82,1,0.849191031139344,0.2894025887362659,0.10446784715168178,0.3620850353036076
Student_82,2,0.9124242796329781,0.8483461185824126,0.03147908649407327,0.7287396918982267
Student_82,3,0.6717006496037357,0.732106544310227,0.7727198025677353,0.7694718642160296
Student_83,1,0.8187915829359553,0.40074522560462356,0.6713459405582398,0.954821513267234
Student_83,2,0.9006217071088031,0.35128654236905277,0.3017550597433001,0.182798141380772
Student_83,3,0.5076035104575567,0.735735485330224,0.7762797339819372,0.250396512914449
Student_84,1,0.8377674310933798,0.798478516517207,0.025722301565110683,0.43724971706978977
Student_84,2,0.8534090578206814,0.023110342444851995,0.0038560505490750074,0.4837429071776569
Student_84,3,0.5429129801224917,0.06207536184228957,0.7878339549060911,0.006305112270638347
Student_85,1,0.4511464445618913,0.019310056697577238,0.8176139355637133,0.6233675973489881
Student_85,2,0.904344104079064,0.7583535020239651,0.6693480096291751,0.08284876681864262
Student_85,3,0.8194999555475078,0.8602340389043093,0.4996150005608797,0.6239765693899244
Student_86,1,0.9302280981908552,0.5530365428421646,0.2137245899066329,0.9201509633567184
Student_86,2,0.7533651075209491,0.23032150720246136,0.6790446115192026,0.244952411390841
Student_86,3,0.7964009940158576,0.5060659993905574,0.8749975725077093,0.8965588284190744
Student_87,1,0.46336405434412886,0.2695133772213012,0.4693321278318763,0.9070309302769601
Student_87,2,0.5422502104775049,0.7364764960948378,0.8734373215120286,0.8319309481885284
Student_87,3,0.5500723925768398,0.7020006699021906,0.276496791979298,0.6052527748979628
Student_88,1,0.7990751025965437,0.11387055739760399,0.7715686825104058,0.39344277093186975
Student_88,2,0.881149422226008,0.5515146644320339,0.5117784149479121,0.10717482795007527
Student_88,3,0.6875716101494618,0.6836056704632938,0.2690465219784528,0.3506214967928827
Student_89,1,0.4485279093263671,0.5662631166633219,0.1612788054626435,0.7768949198070914
Student_89,2,0.5267832953017205,0.46860705129802227,0.4026587021071464,0.9662532829679549
Student_89,3,0.6110887664020993,0.9313708827830851,0.3257354246452451,0.02217226382344961
Student_90,1,0.6781846484635026,0.7632922290358692,0.7092036583926529,0.9668301660567522
Student_90,2,0.4049779939115979,0.13203148427419364,0.8390735005959868,0.004374259850010276
Student_90,3,0.8770357794244774,0.8177826246246696,0.2197250323370099,0.21117303590290248
Student_91,1,0.8914787267684006,0.6930895736441016,0.7983325000386685,0.6673612780869007
Student_91,2,0.5760565850301645,0.5138853068929166,0.11273425747640431,0.3227037435863167
Student_91,3,0.7655450518126599,0.5198242843616754,0.6073977088090032,0.9508828150574118
Student_92,1,0.8225934879737906,0.4036126621067524,0.7028571034315974,0.6174145175609738
Student_92,2,0.7165117246215231,0.7737744804471731,0.06487837876193225,0.8025144450366497
Student_92,3,0.9099408031441271,0.21256401436403394,0.17572312499396503,0.21911990991793573
Student_93,1,0.7203099420061334,0.9896168615669012,0.5668695895001292,0.4307328746654093
Student_93,2,0.8967668317374773,0.9546911327634007,0.2530616018921137,0.7600455498322845
Student_93,3,0.5888223689398728,0.9768411547411233,7.156878709793091e-4,0.31062309769913554
Student_94,1,0.8480602754163555,0.4526606232393533,0.7208201475441456,0.5038071351591498
Student_94,2,0.8062406940502114,0.48763515520840883,0.06092019332572818,0.14128136495128274
Student_94,3,0.8986235668649897,0.5048181966412812,0.8088901285082102,0.05073996260762215
Student_95,1,0.5197520963149145,0.2429659739136696,0.47816134220920503,0.29411661135964096
Student_95,2,0.5200031197629869,0.14320564875379205,0.13532308884896338,0.9482134969439358
Student_95,3,0.7964275476289913,0.2242274465970695,0.5387323214672506,0.35967561323195696
Student_96,1,0.7879792956984601,0.621370589826256,0.7187048862688243,0.7059565421659499
Student_96,2,0.8484467796864918,0.3508038220461458,0.2680256315506995,0.5034008054062724
Student_96,3,0.7636240192106925,0.40501205064356327,0.028610413428395987,0.03155752667225897
Student_97,1,0.9261755285202525,0.8929015591274947,0.012993683107197285,0.47916190791875124
Student_97,2,0.8588327190373093,0.027677225647494197,0.14795434847474098,0.9724359980318695
Student_97,3,0.8828174279304222,0.36289082770235837,0.18711655656807125,0.2322678545024246
Student_98,1,0.7954572088550775,0.023629552451893687,0.2046194567810744,0.23911921586841345
Student_98,2,0.8031655585276893,0.5069351757410914,0.48676475416868925,0.6884186454117298
Student_98,3,0.4189407715923153,0.9293055725283921,0.7078805181663483,0.3456843064632267
Student_99,1,0.6778972065425477,0.42146213608793914,0.014418416190892458,0.41301516140811145
Student_99,2,0.7340112767647952,0.6073651926126331,0.49942963174544275,0.11808861210010946
Student_99,3,0.8694779144832865,0.13644021889194846,0.055762636475265026,0.83027772186324
Student_100,1,0.6496601508348249,0.18839672999456525,0.38600380765274167,0.18528560921549797
Student_100,2,0.5255473976023495,0.8763373768888414,0.08921272680163383,0.8949123844504356
Student_100,3,0.9371333245770074,0.4012950863689184,0.1379438736476004,0.3116717610973865
Student_101,1,0.8457158983801492,0.5921725993975997,0.832693230593577,0.4412988927215338
Student_101,2,0.6716779946815222,0.906874057604,0.8563008646015078,0.07945562293753028
Student_101,3,0.8267018175683916,0.6229064012877643,0.9314996704924852,0.9233986060135067
Student_102,1,0.44409632607130334,0.2206824377644807,0.7455797626171261,0.9550124185625464
Student_102,2,0.8638076458591968,0.7641056871507317,0.0882460658904165,0.15622405032627285
Student_102,3,0.761483432748355,0.8440735938493162,0.2689224313944578,0.09239135798998177
Student_103,1,0.768307832465507,0.6735678678378463,0.1588828144595027,0.7108950042165816
Student_103,2,0.6550852489774115,0.4511575782671571,0.3019483513198793,0.12928599608130753
Student_103,3,0.5922139727743343,0.9798515674192458,0.5276489870157093,0.13224458554759622
Student_104,1,0.5840495729469695,0.6156927428673953,0.07268238766118884,0.5184751388151199
Student_104,2,0.7418172704288736,0.6799348515924066,0.9378001398872584,0.4354251059703529
Student_104,3,0.5914488527923822,0.948223686311394,0.9861823606770486,0.8929509103763849
Student_105,1,0.4505288326297887,0.42352391639724374,0.15380736929364502,0.031054017832502723
Student_105,2,0.9115029186359607,0.7666304523590952,0.09920963435433805,0.14276595786213875
Student_105,3,0.6627103307051584,0.986549227964133,0.41038047848269343,0.8024034672416747
Student_106,1,0.8985101685510017,0.0746477423235774,0.3184297173283994,0.05566237517632544
Student_106,2,0.6819670546683483,0.33912913384847343,0.9800295275636017,0.8828265606425703
Student_106,3,0.45309235668974,0.36384246149100363,0.5036193758714944,0.028308937093243003
Student_107,1,0.6902006625663488,0.673931093653664,0.48856284469366074,0.6141005868557841
Student_107,2,0.9000065926695242,0.32321997825056314,0.7635530240368098,0.38688924559392035
Student_107,3,0.6712559423409402,0.8886913058813661,0.255553423659876,0.4358219229616225
Student_108,1,0.4511183930677362,0.7971778048668057,0.6928447124082595,0.6383638544939458
Student_108,2,0.878516358428169,0.5970390839502215,0.6845987795386463,0.4423378687351942
Student_108,3,0.9395123184542171,0.8369564628228545,0.4127927084919065,0.08321484131738544
Student_109,1,0.5196439543506131,0.2937202909961343,0.15251898975111544,0.3263265327550471
Student_109,2,0.7901396798784844,0.8779987620655447,0.35719921230338514,0.7897631505038589
Student_109,3,0.5687026895582676,0.5693858312442899,0.5275687181856483,0.03374607488512993
Student_110,1,0.7285376170300879,0.650493334280327,0.2302353628911078,0.16810684907250106
Student_110,2,0.8797506268601865,0.8512008332181722,0.6848810028750449,0.25687803723849356
Student_110,3,0.7576952619361691,0.964110066415742,0.602978115901351,0.5143174433615059
Student_111,1,0.5724771887646056,0.408844705671072,0.26014575245790184,0.8884116418194026
Student_111,2,0.652868355740793,0.1555237213615328,0.9265555634628981,0.9409868996590376
Student_111,3,0.49467803043080494,0.20080502261407673,0.16229587397538126,0.9343592748045921
Student_112,1,0.9334225853905082,0.2956918403506279,0.12086270190775394,0.22650088998489082
Student_112,2,0.9305178256705403,0.5043553235009313,0.7809127802029252,0.21976162865757942
Student_112,3,0.6680272524361499,0.23823063215240836,0.30977754294872284,0.21441300702281296
Student_113,1,0.6309545360621996,0.9363085352815688,0.5854537219274789,0.13220324600115418
Student_113,2,0.601077356596943,0.30052816797979176,0.08324699499644339,0.42689117207191885
Student_113,3,0.420979181106668,0.9428086024709046,0.9820636925287545,0.1460811891593039
Student_114,1,0.6782079117838293,0.5624853502959013,0.5640784585848451,0.9951085557695478
Student_114,2,0.7818984043202363,0.030804519075900316,0.892327735433355,0.35013710148632526
Student_114,3,0.782424812624231,0.2511214199475944,0.5998832918703556,0.3213971792720258
Student_115,1,0.8841682622907683,0.016364890849217772,0.8756159648764879,0.3409150093793869
Student_115,2,0.7558601453667506,0.47079512663185596,0.7603185046464205,0.7470967397093773
Student_115,3,0.8159339696518145,0.9597343308851123,0.6135591485071927,0.6534127115737647
Student_116,1,0.45072343269130216,0.5092383595183492,0.7875957894138992,0.7907334493938833
Student_116,2,0.7816214482067152,0.12848142231814563,0.0027551318053156137,0.8400474495720118
Student_116,3,0.6189761540270411,0.2713032220490277,0.3694631727412343,0.8629112669732422
Student_117,1,0.5155871138558723,0.13527631433680654,0.895043084397912,0.4046129307243973
Student_117,2,0.40678025429369885,0.7699913617689162,0.6839844428468496,0.3543496378697455
Student_117,3,0.41857669814489784,0.2985420413315296,0.9136893968097866,0.6361405414063483
Student_118,1,0.8483239954453893,0.7284733599517494,0.783786647953093,0.9836244806647301
Student_118,2,0.7324683339451439,0.36216918914578855,0.11354157910682261,0.07960007060319185
Student_118,3,0.8160604496137238,0.03475554520264268,0.7992942002601922,0.7148959147743881
Student_119,1,0.5303074068622664,0.021193803288042545,0.6861907260026783,0.17359135672450066
Student_119,2,0.9175598190748132,0.2911269529722631,0.6907617605756968,0.614838412264362
Student_119,3,0.9447142110671848,0.0602579596452415,0.7747471034526825,0.3669142641592771
Student_120,1,0.4882026710547507,0.6901294563431293,0.3508772754576057,0.2255914770066738
Student_120,2,0.7660053218249232,0.3909339408855885,0.20075485785491765,0.7677750634029508
Student_120,3,0.9420470059034414,0.08431298821233213,0.18075154721736908,0.9752129523549229
Student_121,1,0.7057412543566897,0.3115621486213058,0.1576274607796222,0.7702001021243632
Student_121,2,0.8850240393541753,0.006416593212634325,0.5094306608662009,0.26488979207351804
Student_121,3,0.7618624952505342,0.10303283226676285,0.022048953222110868,0.6805104094091803
Student_122,1,0.5454068389488385,0.7680149651132524,0.8631478580646217,0.985419986769557
Student_122,2,0.765003819775302,0.05452371621504426,0.43110070284456015,0.9585761607158929
Student_122,3,0.6236452162847854,0.7011562443803996,0.28479735762812197,0.1781049428973347
Student_123,1,0.8620624295552262,0.11320930067449808,0.37307325610890985,0.518362905131653
Student_123,2,0.7858131871209479,0.953095120145008,0.3837024555541575,0.41830187826417387
Student_123,3,0.8194849721272476,0.3354623473715037,0.9175700559280813,0.5264557299669832
Student_124,1,0.6649992009857669,0.397592184599489,0.9429125573951751,0.6167738407384604
Student_124,2,0.6200144186383113,0.33467437233775854,0.8724233000539243,0.34779403009451926
Student_124,3,0.7843799681519158,0.8446757963392884,0.31592240394093096,0.37352832639589906
Student_125,1,0.44180259885033596,0.1691843110602349,0.5940570693928748,0.5454121881630272
Student_125,2,0.6718529058736749,0.0790667727123946,0.760654189856723,0.8277039481326938
Student_125,3,0.9495155098265968,0.3197630732320249,0.3512480442877859,0.23174848640337586
Student_126,1,0.8999557467992417,0.46115259546786547,0.11116046481765807,0.5321560085285455
Student_126,2,0.7090338491136208,0.5593489683233202,0.7100404882803559,0.49568723561242223
Student_126,3,0.45039158244617283,0.6068686328362674,0.983846802264452,0.8129445794038475
Student_127,1,0.8954220164334401,0.19363862392492592,0.6314848971087486,0.010689080459997058
Student_127,2,0.6854704491910524,0.5584760080091655,0.5000272295437753,0.746665061218664
Student_127,3,0.6045188814750873,0.0509647682774812,0.4422987001016736,0.48645254969596863
Student_128,1,0.9293486973270774,0.3290595058351755,0.02214673883281648,0.7169682357925922
Student_128,2,0.7078929338720628,0.029177260119467974,0.7868569765705615,0.3912981085013598
Student_128,3,0.40030982088064776,0.8138382416218519,0.3777033989317715,0.9298080964945257
Student_129,1,0.6558013050002045,0.8931874155532569,0.017235588282346725,0.8234155522659421
Student_129,2,0.8432221968076192,0.5953835642430931,0.47339096921496093,0.8611954217776656
Student_129,3,0.8884683640673756,0.9625516489613801,0.400361540960148,0.3157888697460294
Student_130,1,0.45149814041797076,0.29135158844292164,0.27386523387394845,0.40011638402938843
Student_130,2,0.4300588633283042,0.6126811641734093,0.27336068358272314,0.602410034276545
Student_130,3,0.5566590923932381,0.3141212018672377,0.13701507332734764,0.12239412683993578
Student_131,1,0.43829188767122107,0.9270532624796033,0.7751476110424846,0.661261884495616
Student_131,2,0.7535081403679214,0.5953676670324057,0.36609603418037295,0.1491997295524925
Student_131,3,0.9449474472901783,0.38043395336717367,0.6638412394095212,0.9131210304331034
Student_132,1,0.7796833526692353,0.43260440533049405,0.8485752914566547,0.018823654856532812
Student_132,2,0.4430844672955573,0.3984901246149093,0.5842035037931055,0.9342392864637077
Student_132,3,0.8076443581376225,0.38892759196460247,0.6898940922692418,0.7165129580534995
Student_133,1,0.6033304214128293,0.35230946680530906,0.01214042236097157,0.2009180902969092
Student_133,2,0.7521973020047881,0.015107334358617663,0.888612060341984,0.12469876790419221
Student_133,3,0.44187373417662457,0.862573235295713,0.9577774577774107,0.39703750144690275
Student_134,1,0.4520433921599761,0.5783514701761305,0.1293269107118249,0.21058597974479198
Student_134,2,0.5041522873216309,0.717734208330512,0.6026151976548135,0.8696763357147574
Student_134,3,0.657365501287859,0.6355867353267968,0.9166860533878207,0.742157744942233
Student_135,1,0.8380535796401091,0.6589281207416207,0.7185293305665255,0.2915785792283714
Student_135,2,0.8622056240099483,0.03223990462720394,0.41873543127439916,0.8664203868247569
Student_135,3,0.6421762759913691,0.4436191897839308,0.49087973730638623,0.44709193985909224
Student_136,1,0.8773453808156773,0.09829199803061783,0.8707049717195332,0.48665021476335824
Student_136,2,0.41899108436191457,0.16824158001691103,0.8544314235914499,0.10021873190999031
Student_136,3,0.8384447576012461,0.8345903556328267,0.07705130544491112,0.823848839616403
Student_137,1,0.6229930944391526,0.03899171878583729,0.5029200979042798,0.27046160912141204
Student_137,2,0.5491618803003803,0.5623424912337214,0.25667716236785054,0.3033528688829392
Student_137,3,0.8376349045429379,0.49555260548368096,0.9118351410143077,0.7205844845157117
Student_138,1,0.794631502230186,0.42548074619844556,0.6852666235063225,0.008261820301413536
Student_138,2,0.4832124311942607,0.3716949459630996,0.05640023900195956,0.21553595713339746
Student_138,3,0.7814958910224958,0.7761170922312886,0.8591083935461938,0.04729813011363149
Student_139,1,0.8677066596108489,0.7774587529711425,0.24685437488369644,0.55668786726892
Student_139,2,0.686335722822696,5.730241537094116e-4,0.9284933444578201,0.6197945009917021
Student_139,3,0.8633756432449444,0.22516057756729424,0.2979660041164607,0.6255680662579834
Student_140,1,0.48530091042630374,0.6938218590803444,0.7377694107126445,0.9308619028888643
Student_140,2,0.45850570753682407,0.5084273549728096,0.29337230417877436,0.374394761165604
Student_140,3,0.6649136271211318,0.35613664938136935,0.1292923353612423,0.7945103286765516
Student_141,1,0.6556080164969899,0.5008772141300142,0.09987623943015933,0.42749291472136974
Student_141,2,0.46736339321359993,0.20496795559301972,0.9997177037876099,0.6306385288480669
Student_141,3,0.5092210882692598,0.9443338171113282,0.5304576975759119,0.38527725357562304
Student_142,1,0.7290607803734019,0.5129118510521948,0.7643023119308054,0.5225219079293311
Student_142,2,0.915099359524902,0.7828649475704879,0.11011767177842557,0.195205309195444
Student_142,3,0.845732206676621,0.016434927936643362,0.8032647194340825,0.11117716645821929
Student_143,1,0.6569429303170182,0.4570491327904165,0.010870116529986262,0.14610220561735332
Student_143,2,0.5605923960567452,0.2005195370875299,0.7123012922238559,0.8747852542437613
Student_143,3,0.7749180578626692,0.13418894703499973,0.9788111362140626,0.24849642347544432
Student_144,1,0.9415072145056911,0.8674969370476902,0.6648732321336865,0.4759011100977659
Student_144,2,0.45876779996324335,0.3552638511173427,0.005402181530371308,0.7264920107554644
Student_144,3,0.6258859758614562,0.997531904373318,0.43187558511272073,0.9781905803829432
Student_145,1,0.6801988656050526,5.707219243049622e-4,0.43747320608235896,0.8283865011762828
Student_145,2,0.45284538957057524,0.4997970829717815,0.9670729388017207,0.6313408988062292
Student_145,3,0.9308803894557058,0.3647111577447504,0.46781206876039505,0.6872001441661268
Student_146,1,0.5225567630841397,0.018866725731641054,0.07465403922833502,0.9101085208822042
Student_146,2,0.41979290210874753,0.4725636416114867,0.8945826815906912,0.5685565336607397
Student_146,3,0.9161238052649423,0.29774635867215693,0.41414578817784786,0.07028244785033166
Student_147,1,0.9411022795247845,0.5554696265608072,0.8883636721875519,0.44379536248743534
Student_147,2,0.48887861454859377,0.7826040813233703,0.5549371358938515,0.740175262093544
Student_147,3,0.5614448326290585,0.5647203254047781,0.5413610790856183,0.8697802838869393
Student_148,1,0.5125904298038222,0.2794047154020518,0.7548251184634864,0.4322970968205482
Student_148,2,0.8638423395343124,0.10492420615628362,0.4054559664800763,0.0651983916759491
Student_148,3,0.4981807790347375,0.3673766490537673,0.39560808171518147,0.06789093930274248
Student_149,1,0.8681598063325509,0.47952688415534794,0.3796166016254574,0.9958753751125187
Student_149,2,0.5185312974150292,0.09561728429980576,0.7149366119410843,0.7966032403055578
Student_149,3,0.7897394462488592,0.13073109625838697,0.10951689025387168,0.8608759569469839
Student_150,1,0.773878690681886,0.7920741636771709,0.34586660959757864,0.10562635282985866
Student_150,2,0.5446950638666749,0.2520045549608767,0.965365078067407,0.8698899773880839
Student_150,3,0.8019868389819749,0.3953805109485984,0.9582613161765039,0.5713178277947009
Student_151,1,0.7939122565672733,0.41806128178723156,0.554118110332638,0.9362536023836583
Student_151,2,0.7380384210031479,0.5924648342188448,0.043589216424152255,0.2761296348180622
Student_151,3,0.9321977112093008,0.26694661914370954,0.9574272227473557,0.5268866969272494
Student_152,1,0.8499662510934285,0.8563578177709132,0.9355836405884475,0.8440132550895214
Student_152,2,0.8974933689576574,0.6034599130507559,0.8973099656868726,0.9976973049342632
Student_152,3,0.8543251852621324,0.5837812947575003,0.22198590799234807,0.13268978311680257
Student_153,1,0.4039992309175432,0.21765392227098346,0.00555487466044724,0.9186985336709768
Student_153,2,0.6939724421012214,0.03631744580343366,0.7844247131142765,0.7111108780372888
Student_153,3,0.9126387204392813,0.7659259717911482,0.7031704362016171,0.5115000691730529
Student_154,1,0.9064619626267812,0.7749566279817373,0.49902531667612493,0.49751988146454096
Student_154,2,0.8435325968894176,0.2031790658365935,0.1349312113597989,0.6656696824356914
Student_154,3,0.7091112972586415,0.36584631097503006,0.6452970625832677,0.243923828471452
Student_155,1,0.8987060083309188,0.3314305667299777,0.7299453609157354,0.6097271011676639
Student_155,2,0.7915276036015712,0.2510033161379397,0.6501287368591875,0.10734674660488963
Student_155,3,0.9125488620484248,0.6381289700511843,0.4933408051729202,0.7399990884587169
Student_156,1,0.6703108397312463,0.7510587205179036,0.5927343717776239,0.1896658674813807
Student_156,2,0.47516399837331846,0.6077521606348455,0.8186898031271994,0.6410964145325124
Student_156,3,0.5785474217147566,0.9870304632931948,0.6738300872966647,0.7153972701635212
Student_157,1,0.8895650721620768,0.12720524333417416,0.7763485328759998,0.6453889308031648
Student_157,2,0.5682926506153307,0.1667834564577788,0.8121128208003938,0.991067913826555
Student_157,3,0.620637288200669,0.5303582844790071,0.6842508944682777,0.9856636773329228
Student_158,1,0.6727184161543847,0.7568072937428951,0.4324258752167225,0.08118286449462175
Student_158,2,0.8254890967509709,0.047783928690478206,0.48913328466005623,0.8388573413249105
Student_158,3,0.6327533581177704,0.900923857698217,0.41542157670482993,0.02878138143569231
Student_159,1,0.6246140950825065,0.4162026564590633,0.47549663856625557,0.35786098008975387
Student_159,2,0.8134906055638567,0.16518018138594925,0.5122313345782459,0.932944062165916
Student_159,3,0.685558112943545,0.00280362693592906,0.022630080580711365,0.18262555007822812
Student_160,1,0.5573304527322762,0.2504792842082679,0.9001717818900943,0.08366185589693487
Student_160,2,0.9135820677736773,0.9233010062016547,0.2240220147650689,0.3596710313577205
Student_160,3,0.621497901075054,0.5058513015974313,0.48127041198313236,0.46731741703115404
Student_161,1,0.5596317947260104,0.6894491307903081,0.5251100792083889,0.22451398754492402
Student_161,2,0.4222933453624137,0.24248764663934708,0.4134451672434807,0.30288343504071236
Student_161,3,0.5289239076315425,0.37704165326431394,0.5783212545793504,0.7764867015648633
Student_162,1,0.8076760834548622,0.2958601552527398,0.46031028078868985,0.7286070298869163
Student_162,2,0.785842328122817,0.24609120353125036,0.3771908087655902,0.31628646701574326
Student_162,3,0.9381961082341149,0.27373786084353924,0.7431604363955557,0.06865001400001347
Student_163,1,0.5724967675050721,0.19015030027367175,0.6964986168313771,0.1309813151601702
Student_163,2,0.8838863278389908,0.5216814186424017,0.9175465183798224,0.3173463570419699
Student_163,3,0.6177738049183972,0.8206870104186237,0.9856835745740682,0.37843336048536
Student_164,1,0.46354759170208126,0.811416553100571,0.3075412502512336,0.20077553065493703
Student_164,2,0.6588429550640285,0.6859230822883546,0.5439543090760708,0.12417294993065298
Student_164,3,0.41236787528032437,0.5245509559754282,0.588376657338813,0.5442718327976763
Student_165,1,0.6593419353826903,0.10778219881467521,0.7039107154123485,0.3281893227249384
Student_165,2,0.556818586436566,0.5282228307332844,0.7539536724798381,0.002522070426493883
Student_165,3,0.4490925265941769,0.752387085231021,0.6157638302538544,0.6749605257064104
Student_166,1,0.8706150753539987,0.7378853771369904,0.8245079533662647,0.8744816950056702
Student_166,2,0.9353624080307781,0.6200601463206112,0.8851762569975108,0.19222340499982238
Student_166,3,0.8078819430433213,0.5774597239214927,0.3805571880657226,0.20089141582138836
Student_167,1,0.74365514931269,0.7841825592331588,0.6840059263631701,0.6788960283156484
Student_167,2,0.49545626151375477,0.3714697256218642,0.3419429427012801,0.8901257107499987
Student_167,3,0.8846359083778225,0.8008177790325135,0.6673560899216682,0.10071547562256455
Student_168,1,0.4898439788259566,0.5689147943630815,0.001886183163151145,0.07104597380384803
Student_168,2,0.7302385548595338,0.8878936700057238,0.8567418158054352,0.4190157775301486
Student_168,3,0.4226323398994282,0.6486698111984879,0.13393538887612522,0.045930432388558984
Student_169,1,0.7710440729511902,0.5505155229475349,0.10208928398787975,0.6265786280855536
Student_169,2,0.45520421923138205,0.5605691897217184,0.8334779262077063,0.5989837439265102
Student_169,3,0.6184090794762597,0.3874417985789478,0.5711876228451729,0.8885637135244906
Student_170,1,0.8367798981256782,0.8103620177134871,0.6203672094270587,0.6733922900166363
Student_170,2,0.9201189717859961,0.5037116731982678,0.3520375853404403,0.12128234235569835
Student_170,3,0.9425965202739461,0.27825803169980645,0.5486206379719079,0.5484863540623337
Student_171,1,0.5526031634071842,0.018726414535194635,0.11938271229155362,0.033043038100004196
Student_171,2,0.8830167005304247,0.5501457168720663,0.76059524598531425,0.8485013553872705
Student_171,3,0.44911504334304486,0.6165961537044495,0.90854908362962306,0.9803127404302359
Student_172,1,0.7510347778094001,0.5629551550373435,0.6177686273586005,0.1237218554597348
Student_172,2,0.5496021941886283,0.636243263958022,0.9488638669718057,0.02755358489230275
Student_172,3,0.6027404107269831,0.47520833765156567,0.7228164884727448,0.36637930455617607
Student_173,1,0.7566164130344987,0.9968031025491655,0.7174672109540552,0.4215845982544124
Student_173,2,0.7086331458995119,0.027148802997544408,0.6289076772518456,0.7438234898727387
Student_173,3,0.4471641699085012,0.7906808645930141,0.5228164631407708,0.9404071050230414
Student_174,1,0.7799530142801814,0.4473098034504801,0.955408479552716,0.9758411794900894
Student_174,2,0.88323950485792,0.6714481534436345,0.42313693976029754,0.3573544817045331
Student_174,3,0.5919217978720553,0.12284693284891546,0.009080436546355486,0.3763797306455672
Student_175,1,0.7701611153082921,0.6689799278974533,0.34281400637701154,0.21930627874098718
Student_175,2,0.7722475460148417,0.3422213811427355,0.2746228438336402,0.3617675381246954
Student_175,3,0.9121346680447459,0.9845520092640072,0.30265162140130997,0.9463802608661354
Student_176,1,0.9402060202322899,0.8069823447149247,0.17342889169231057,0.5958849317394197
Student_176,2,0.8930276002851314,0.977784696733579,0.9006745754741132,0.7472790263127536
Student_176,3,0.4934950926923193,0.4460040640551597,0.7152721409220248,0.8695935418363661
Student_177,1,0.6292086310684681,0.6268306893762201,0.4248062220867723,0.756387319881469
Student_177,2,0.5958312500501052,0.08262953534722328,0.6989256700035185,0.3790687941946089
Student_177,3,0.9254376635188236,0.1804897990077734,0.9319312372244895,0.32887452305294573
Student_178,1,0.7562289716443047,0.17946735373698175,0.2786329451482743,0.38958094944246113
Student_178,2,0.4664734225370921,0.655477134976536,0.8791366319637746,0.08298738324083388
Student_178,3,0.4383191448287107,0.6785354583989829,0.5055921913590282,0.06504015065729618
Student_179,1,0.8041089980630204,0.6348945510108024,0.87074826634489,0.43478115694597363
Student_179,2,0.9465280248667113,0.8288406326901168,1.4064298011362553e-4,0.6762325325980783
Student_179,3,0.5406732383416966,0.9583854570519179,0.3850850104354322,0.694204528350383
Student_180,1,0.5262516202754342,0.9431616042274982,0.7928207681979984,0.001409747637808323
Student_180,2,0.46479670832632114,0.6529274771455675,0.8095508525148034,0.7364713128190488
Student_180,3,0.6750372973270714,0.7001646589487791,0.051572342636063695,0.8823319410439581
Student_181,1,0.6555338818230666,0.26094213454052806,0.34955236106179655,0.15924501535482705
Student_181,2,0.46432341313920916,0.34805611288174987,0.8852877379395068,0.9741383600048721
Student_181,3,0.45367375734495,0.8840098755899817,0.4787152986973524,0.579563760664314
Student_182,1,0.4818617954500951,0.25232862308621407,0.3803852351848036,0.12218914669938385
Student_182,2,0.7835492712794803,0.4377364255487919,0.5883043007925153,0.5295586835127324
Student_182,3,0.40101263441611085,0.7363426815718412,0.14303049049340189,0.5624654768034816
Student_183,1,0.5139664781745523,0.7382679416332394,0.5388373786117882,0.17638495308347046
Student_183,2,0.5591896687052212,0.9486781114246696,0.5289652531500906,0.15979541931301355
Student_183,3,0.7070515623083338,0.5074582519009709,0.43168641231022775,0.0788151160813868
Student_184,1,0.42299564884742724,0.15736963413655758,0.2961079895030707,0.35707184416241944
Student_184,2,0.9331611133995465,0.6623484997544438,0.32447191001847386,0.5975329941138625
Student_184,3,0.8386343585792928,0.8325882751960307,0.28187648416496813,0.33595943567343056
Student_185,1,0.5353792104870081,0.04883964150212705,0.017138997092843056,0.8451875618193299
Student_185,2,0.6297430577804335,0.033187287859618664,0.24410076742060483,0.2653318152297288
Student_185,3,0.9356252037454396,0.03246298199519515,0.9192421433981508,0.3278407824691385
Student_186,1,0.40002528149634603,0.7151535612065345,0.1574910602066666,0.1980329337529838
Student_186,2,0.7051579039078206,0.1255004401318729,0.02085396321490407,0.008659492712467909
Student_186,3,0.7010448992135934,0.46972660161554813,0.7071270502638072,0.4258012934587896
Student_187,1,0.6524742028908803,0.12689364864490926,0.38443518755957484,0.9731160188093781
Student_187,2,0.726779714517761,0.5509387806523591,0.8490233113989234,0.030610084300860763
Student_187,3,0.4990438497043215,0.7287237709388137,0.28378591500222683,0.763931303517893
Student_188,1,0.4010976768448018,0.47777194366790354,0.8806249599438161,0.30970224482007325
Student_188,2,0.9225608707754872,0.8461412568576634,0.023145516170188785,0.154132031602785
Student_188,3,0.7094692001584917,0.13861244008876383,0.6689146535936743,0.7929936691652983
Student_189,1,0.6278174476581626,0.9795567612163723,0.16610084264539182,0.11707276967354119
Student_189,2,0.5673467728774995,0.6954392399638891,0.9065220197662711,0.34656737581826746
Student_189,3,0.5531881620758213,0.7614514466840774,0.6529989468399435,0.6311858971603215
Student_190,1,0.8165173709392548,0.11775312386453152,0.08944964897818863,0.40986342588439584
Student_190,2,0.6414387103868648,0.6233461392112076,0.09106335253454745,0.35161775327287614
Student_190,3,0.7913779767230154,0.5061494326218963,0.3663518081884831,0.32786954659968615
Student_191,1,0.7841664195177145,0.9802630448248237,0.7445739293470979,0.5440786827821285
Student_191,2,0.9362872165744193,0.1446866358164698,0.413223264971748,0.536560480017215
Student_191,3,0.7342381162918172,0.9141486634034663,0.1380385842639953,0.859835802577436
Student_192,1,0.702448790858034,0.9975894633680582,0.6150892132427543,0.767913848394528
Student_192,2,0.43383095032768326,0.7433584684040397,0.9945673700422049,0.3710040687583387
Student_192,3,0.7311279738671146,0.3774879816919565,0.21434664959087968,0.16472239466384053
Student_193,1,0.4587461541290395,0.320815249113366,0.1656688111834228,0.14479132648557425
Student_193,2,0.6012064343201928,0.8853445891290903,0.15308360406197608,0.9607781558297575
Student_193,3,0.927314890816342,0.7922428755555302,0.4368427856825292,0.8275850974023342
Student_194,1,0.6312213950208388,0.9087334019131958,0.04484447301365435,0.45563758444041014
Student_194,2,0.8335772072197869,0.07114112447015941,0.59924007486552,0.7811895948834717
Student_194,3,0.9042132627568207,0.7845679104793817,0.393879865296185,0.904320084489882
Student_195,1,0.8634671951876953,0.6824529096484184,0.8533339579589665,0.5065470584668219
Student_195,2,0.5463161030551419,0.5141832486260682,0.9182691522873938,0.45686309854499996
Student_195,3,0.7076432441361249,0.9949396303854883,0.5802818164229393,0.0832549650222063
Student_196,1,0.8351992113166489,0.10379688325338066,0.7227012477815151,0.9114102635066956
Student_196,2,0.7874736192869023,0.10910033737309277,0.9698926173150539,0.2760046024341136
Student_196,3,0.4250003602006473,0.3780656857416034,0.06059978064149618,0.6512495263013989
Student_197,1,0.5082101262756623,0.039147219620645046,0.259595132432878,0.5683655124157667
Student_197,2,0.5115997077082284,0.7721785954199731,0.09704304463230073,0.5889634373597801
Student_197,3,0.7638853893964551,0.1228839613031596,0.2776829497888684,0.8403240533079952
Student_198,1,0.7902452545589767,0.8592407419346273,0.6339718536473811,0.6364492098800838
Student_198,2,0.5505279207718559,0.8160487674176693,0.027380878338590264,0.715687207179144
Student_198,3,0.6080848242156207,0.05758132855407894,0.958055071067065,0.7961428451817483
Student_199,1,0.8934010367374867,0.7853668737225235,0.01704033906571567,0.805588963907212
Student_199,2,0.5487740547396243,0.5898909282404929,0.7237620211672038,0.142322480911389
Student_199,3,0.42128846376435836,0.23722788668237627,0.1393957247491926,0.10052776639349759
Student_200,1,0.6013393002212979,0.1323020225390792,0.8499489296227694,0.6033396697603166
Student_200,2,0.7827619443181901,0.8145351123530418,0.5423178079072386,0.5397413782775402
Student_200,3,0.7648191751097329,0.6365879063960165,0.8744804600719362,0.7660025269724429
Student_201,1,0.4897529578069225,0.8722176540177315,0.9255069445353001,0.33746047667227685
Student_201,2,0.7734051520586944,0.1827268146444112,0.45427132537588477,0.30812623468227684
Student_201,3,0.9476720627746544,0.7944518472068012,0.08832676522433758,0.3893044700380415
Student_202,1,0.5232278324780054,0.3237485052086413,0.4829167996067554,0.3814627605024725
Student_202,2,0.7073896991205402,0.8306707588490099,0.908113308949396,0.16450576251372695
Student_202,3,0.412563462916296,0.3080290218349546,0.932159211486578,0.9654483657795936
Student_203,1,0.42808414545143025,0.4177798633463681,0.528524914290756,0.40020301495678723
Student_203,2,0.8531067107222043,0.9742262850049883,0.5992634340655059,0.046604076167568564
Student_203,3,0.6939032587455585,0.6993560397531837,0.6948122228495777,0.9635007649194449
Student_204,1,0.9325336054898798,0.36581061338074505,0.991351849399507,0.3018869871739298
Student_204,2,0.7852106103440746,0.49461240437813103,0.9298478558193892,0.9584187355358154
Student_204,3,0.7208200632710942,0.39325264166109264,0.8866776179056615,0.11297811102122068
Student_205,1,0.5133900737855583,0.04318872024305165,0.3686532638967037,0.6725314499344677
Student_205,2,0.9179271047003567,0.41206439095549285,0.8429044508375227,0.40097109926864505
Student_205,3,0.8904018942499533,0.7445867815986276,0.28304026275873184,0.06073883455246687
Student_206,1,0.5676717542810366,0.07550525898113847,0.47544459998607635,0.18482258380390704
Student_206,2,0.6574634806602262,0.27033890038728714,0.6135726734064519,0.6507203502114862
Student_206,3,0.4812058585346677,0.2774508106522262,0.9150477389339358,0.7942808889783919
Student_207,1,0.43838568944483997,0.643239043885842,0.5651463952381164,0.1929151581134647
Student_207,2,0.4698963138624095,0.9256002407055348,0.5864717063959688,0.22986541641876101
Student_207,3,0.7179434400750324,0.38196503836661577,0.9465161461848766,0.24045819253660738
Student_208,1,0.7522193171549588,0.690602342132479,0.7217171017546207,0.7123156150337309
Student_208,2,0.5628923144424334,0.30360569059848785,0.7512709691654891,0.41690096794627607
Student_208,3,0.536517323332373,0.8501153017859906,0.5225998475216329,0.778544110013172
Student_209,1,0.7540444988175294,0.4985399120487273,0.4769492740742862,0.2755368226207793
Student_209,2,0.841833954222966,0.8596039784606546,0.8302049315534532,0.8868091169279069
Student_209,3,0.5269302053260617,0.762961427681148,0.5493286659475416,0.8106372959446162
Student_210,1,0.7810476953629404,0.7281440761871636,0.6320288353599608,0.8373217126354575
Student_210,2,0.8674627712345682,0.031363458605483174,0.5634839665144682,0.37875517294742167
Student_210,3,0.4558095640852116,0.9463534946553409,0.05381661583669484,0.4904877666849643
Student_211,1,0.5195506861899049,0.942838104441762,0.03521560016088188,0.31398089276626706
Student_211,2,0.9336386201204732,0.6081260181963444,0.21569318091496825,0.1787125589326024
Student_211,3,0.789809313812293,0.7137229803483933,0.9991581323556602,0.6555666667409241
Student_212,1,0.890692105400376,0.36235598125495017,0.8758326566312462,0.02384321461431682
Student_212,2,0.8037450663745402,0.15132333897054195,0.2366204229183495,0.7176551180891693
Student_212,3,0.9024486687616444,0.19265714101493359,0.42731706728227437,0.8489211725536734
Student_213,1,0.5649331059423275,0.09775707218796015,0.5639005396515131,0.5628450324293226
Student_213,2,0.4242247839923948,0.9948129889089614,0.19321920373477042,0.6772181570995599
Student_213,3,0.6157933741691523,0.08190293051302433,0.2678683642297983,0.48050389741547406
Student_214,1,0.6118608032469638,0.06693467707373202,0.4155277411919087,0.9465190283954144
Student_214,2,0.7013794341706671,0.29416037956252694,0.3355152525473386,0.5266418792307377
Student_214,3,0.49298988996306436,0.5144555596634746,0.07579551730304956,0.5314124764408916
Student_215,1,0.701371752039995,0.8233349693473428,0.5284031089395285,0.2818171624094248
Student_215,2,0.6123424538876862,0.46384346135891974,0.9628461312968284,0.238992900820449
Student_215,3,0.7235124974278733,0.31816549110226333,0.8567709082271904,0.8920162378344685
Student_216,1,0.8821777533390559,0.5587321401108056,0.9422900516074151,0.10932878102175891
Student_216,2,0.7823204272077419,0.20436968514695764,0.24215923715382814,0.136958341114223
Student_216,3,0.8616686863591894,0.7343717394396663,0.6468811216764152,0.48099383246153593
Student_217,1,0.6622513054055161,0.7104899478144944,0.4661604331340641,0.47318608430214226
Student_217,2,0.4358014692203142,0.7637277084868401,0.33720347145572305,0.13529382925480604
Student_217,3,0.8952380082104354,0.8769942512735724,0.40086532826535404,0.8606267087161541
Student_218,1,0.47486853369046006,0.8011641043704003,0.8043511188589036,0.5860729699488729
Student_218,2,0.48909804777940735,0.42814308078959584,0.06629642029292881,0.2865634742192924
Student_218,3,0.7154121844214387,0.30297879059799016,0.6720035381149501,0.736274195369333
Student_219,1,0.65383272258332,0.2870566954370588,0.11022356618195772,0.185777700971812
Student_219,2,0.7189991853432729,0.5020287272054702,0.11138843093067408,0.3880091183818877
Student_219,3,0.4560408848337829,0.09397712489590049,0.3399683607276529,0.18553200806491077
Student_220,1,0.8420618009171448,0.38254898972809315,0.704480646410957,0.8285870763938874
Student_220,2,0.6461530106491409,0.4201034449506551,0.6589782715309411,0.2071149756666273
Student_220,3,0.7391108481097035,0.9717900727409869,0.8146135630086064,0.6681620387826115
Student_221,1,0.8010564142488874,0.786012573633343,0.7967513259500265,0.7026883482467383
Student_221,2,0.6138905649539084,0.3820826194714755,0.7382398652844131,0.18273676047101617
Student_221,3,0.6719364887103438,0.7609209632501006,0.4255374129861593,0.7918423903174698
Student_222,1,0.715116727934219,0.7234272789210081,0.5041581194382161,0.46740119461901486
Student_222,2,0.6829355537774973,0.8298586369492114,0.9017742692958564,0.40435549383983016
Student_222,3,0.5357644781121053,0.7055792252067477,0.25909403362311423,0.47682128963060677
Student_223,1,0.4645573690417223,0.009567289846017957,0.3383976782206446,0.5350197090301663
Student_223,2,0.42317294189706445,0.9739441862329841,0.5989143718034029,0.5915415294002742
Student_223,3,0.42575716583523904,0.7806108454242349,0.8601190890185535,0.9438475084025413
Student_224,1,0.8608379815472289,0.4743903116323054,0.2404150392394513,0.802934801671654
Student_224,2,0.8837784148403443,0.3712127909529954,0.28156420309096575,0.8973991165403277
Student_224,3,0.6441287059569731,0.03988880291581154,0.9528640354983509,0.26889260369352996
Student_225,1,0.8383740533143282,0.7945670129265636,0.4911366105079651,0.4874540895689279
Student_225,2,0.47377221488859506,0.2267729747109115,0.1751839746721089,0.23620820534415543
Student_225,3,0.9341173246852121,0.0885811629705131,0.9811906861141324,0.7438310931902379
Student_226,1,0.42316303388215604,0.2189314696006477,0.487629605922848,0.6391421584412456
Student_226,2,0.5561560717527755,0.6478369859978557,0.54628482880070806,0.9494173426646739
Student_226,3,0.5114879592787475,0.4321377477608621,0.4457453633658588,0.11373350699432194
Student_227,1,0.8789882691926323,0.220688137691468,0.5132661834359169,0.6022724274080247
Student_227,2,0.8074183452175929,0.09654453676193953,0.7533531945664436,0.3320189663209021
Student_227,3,0.5069711290881969,0.3392078608740121,0.4333164228592068,0.605277381837368
Student_228,1,0.5526768728042952,0.5373192082624882,0.7777018854394555,0.5865936740301549
Student_228,2,0.7520331338862889,0.28679566690698266,0.16135304677300155,0.4353999199811369
Student_228,3,0.486058437533211,0.7346229371614754,0.6680164246354252,0.6668113491032273
Student_229,1,0.9063422865816392,0.8686523062642664,0.5944422008469701,0.5043196585029364
Student_229,2,0.9019295307574793,0.20915433764457703,0.3517187493853271,0.02259398763999343
Student_229,3,0.76081596162403,0.5226554016117007,0.20731229870580137,0.037002956261858344
Student_230,1,0.7048795189359225,0.45971011696383357,0.9839584983419627,0.32715466641820967
Student_230,2,0.7073392474092544,0.8119622941594571,0.2346530775539577,0.8986067736987025
Student_230,3,0.8503691290970892,0.9564766436815262,0.9244919111952186,0.24081050930544734
Student_231,1,0.9222201262135058,0.2009508789051324,0.9218669570982456,0.1688691987656057
Student_231,2,0.5232628539786675,0.8512013950385153,0.0727849486283958,0.09925358789041638
Student_231,3,0.9064362468896433,0.330602701054886,0.13489718572236598,0.43997941189445555
Student_232,1,0.8594858705881052,0.18909241608344018,0.1686335396952927,0.692345833638683
Student_232,2,0.9328951600589789,0.6866139301564544,0.6953842116054147,0.4769418500363827
Student_232,3,0.942912697000429,0.9568605560343713,0.3145109689794481,0.7857077221851796
Student_233,1,0.609960440301802,0.3949477393180132,0.8667084868066013,0.4603023116942495
Student_233,2,0.4157926083193161,0.2530689616687596,0.6196343519259244,0.47407334204763174
Student_233,3,0.42184862004360185,0.8363308203406632,0.43132107541896403,0.5517642761114985
Student_234,1,0.7209904724964872,0.6197220121975988,0.6056113035883754,0.5813963159453124
Student_234,2,0.5289337721071206,0.683433432597667,0.07537101418711245,0.2822423707693815
Student_234,3,0.4652230125386268,0.7929108890239149,0.12902891170233488,0.10045146313495934
Student_235,1,0.6670488812960684,0.012104252586141229,0.6099484274163842,0.18325981381349266
Student_235,2,0.8896894727367908,0.6447583504486829,0.6639689637813717,0.6435111616738141
Student_235,3,0.4079100031056442,0.6893694510217756,0.49704186245799065,0.11915167374536395
Student_236,1,0.9024394398322328,0.5604327328037471,0.8149006725288928,0.17858161311596632
Student_236,2,0.5125326403067447,0.9455632793251425,0.46954322163946927,0.2242305262479931
Student_236,3,0.4214933717623353,0.15572239342145622,0.8601922204252332,0.0578089845366776
Student_237,1,0.5820165562909096,0.8821416564751416,0.903314602561295,0.7658184960018843
Student_237,2,0.9061431953101419,0.6430822170805186,0.7585817351937294,0.30235486663877964
Student_237,3,0.8188394334283657,0.9520658778492361,0.10732966847717762,0.7547107671853155
Student_238,1,0.6934681686805562,0.6603388260118663,0.7810960221104324,0.23529208544641733
Student_238,2,0.5591321132960729,0.640080142300576,0.22322441218420863,0.4576290473341942
Student_238,3,0.5852878341916948,0.8456493110861629,0.5258448058739305,0.29146962403319776
Student_239,1,0.8885398474521935,0.4966109674423933,0.567996340803802,0.05818226491101086
Student_239,2,0.8055481105926446,0.07882810896262527,0.14936136920005083,0.11469399835914373
Student_239,3,0.9440890947473235,0.25226415088400245,0.67866126075387,0.3773856870830059
Student_240,1,0.8717690388206392,0.4310637814924121,0.6244032641407102,0.5605999899562448
Student_240,2,0.6944699299172499,0.16756360232830048,0.2036352432332933,0.7298663032706827
Student_240,3,0.5219600177602842,0.09281021542847157,0.8696809750981629,0.3575037473347038
Student_241,1,0.504892531875521,0.7682512747123837,0.19892979646101594,0.4390031273942441
Student_241,2,0.7290691609261557,0.03376903524622321,0.346843492006883,0.35395986679941416
Student_241,3,0.5595467940438539,0.02395691373385489,0.6664398999419063,0.3423719306010753
Student_242,1,0.7207483513047919,0.030248388880863786,0.5541829580906779,0.353666516719386
Student_242,2,0.7283742870436981,0.5844142152927816,0.8895648526959121,0.915643029846251
Student_242,3,0.619720507285092,0.3292883732356131,0.046366496942937374,0.9432518435642123
Student_243,1,0.42110574148828167,0.4927857145667076,0.6295355905313045,0.25419826712459326
Student_243,2,0.4183109639096074,0.6930778957903385,0.4149375380948186,0.5922603840008378
Student_243,3,0.485282317979727,0.2528671638574451,0.5876569128595293,0.38388775708153844
Student_244,1,0.7227617327473126,0.5408142702654004,0.8790004763286561,0.2931283572688699
Student_244,2,0.8610027370625175,0.3962540228385478,0.7421093254815787,0.2028955884743482
Student_244,3,0.43066984153119847,0.8060234494041651,0.13927400088869035,0.17959417263045907
Student_245,1,0.8415373941417783,0.9583141433540732,0.4412577177863568,0.7554530543275177
Student_245,2,0.8912862346507608,0.6514432819094509,0.3486946483608335,0.3333953865803778
Student_245,3,0.5528986077290028,0.8518849932588637,0.5359303266741335,0.39211498689837754
Student_246,1,0.41068515341030437,0.636645783437416,0.9905990702100098,0.6297597074881196
Student_246,2,0.4638250879594125,0.6125985428225249,0.05449827387928963,0.2339741864707321
Student_246,3,0.796083880297374,0.04264974896796048,0.9345319345593452,0.990280810976401
Student_247,1,0.5536147480132059,0.37712154258042574,0.16643872251734138,0.05865081143565476
Student_247,2,0.4905927538871765,0.31783581525087357,0.11808287515304983,0.8024682546965778
Student_247,3,0.7420145293348468,0.5180146007332951,0.28555360110476613,0.6227410442661494
Student_248,1,0.9210077701020054,0.9924040455371141,0.32964530144818127,0.387577838730067
Student_248,2,0.7271697947755456,0.18925974052399397,0.29164868127554655,0.6469387167599052
Student_248,3,0.5275441554724238,0.8829508109483868,0.2585035036318004,0.9723900887183845
Student_249,1,0.5635253953863867,0.5921383881941438,0.7847457509487867,0.4181219795718789
Student_249,2,0.48879780644783755,0.7890163362026215,0.07475005276501179,0.8973531513474882
Student_249,3,0.926403902680613,0.9707461500074714,0.7653919751755893,0.15737067651934922
Student_250,1,0.4192413685377687,0.5708977933973074,0.3113855663686991,0.4485318504739553
Student_250,2,0.8760187865933403,0.5519472628366202,0.9695073789916933,0.07940145046450198
Student_250,3,0.6307603918830864,0.4794475636444986,0.14845188846811652,0.28065553889609873
Student_251,1,0.47515043420717124,0.11482019000686705,0.17911866586655378,0.8717729011550546
Student_251,2,0.4116149474633858,0.4787091875914484,0.8122322231065482,0.6128802970051765
Student_251,3,0.9259382033138536,0.1323083247989416,0.8030165610834956,0.6317696422338486
Student_252,1,0.61215490156319,0.6458045102190226,0.5607048887759447,0.271828792989254
Student_252,2,0.4463060609297827,0.4095641179010272,0.15956592769362032,0.8377051544375718
Student_252,3,0.4991084508015774,0.30911216768436134,0.7493425565771759,0.014962252462282777
Student_253,1,0.5110037409700453,0.6214734048116952,0.08977910154499114,0.33373971306718886
Student_253,2,0.7114008937496692,0.142492123413831,0.589288325747475,0.35684781917370856
Student_253,3,0.9371252014185302,0.2559397656004876,0.36005964456126094,0.8684004300739616
Student_254,1,0.6790765257785096,0.333495652070269,0.4225918597076088,0.5413961699232459
Student_254,2,0.6749176324228756,0.8344530379399657,0.2665732817258686,0.9798891588579863
Student_254,3,0.5715642678667792,0.8186464328318834,0.7509560203179717,0.9734868612140417
Student_255,1,0.8749306253972463,0.4891265882179141,0.7671097696293145,0.4937274579424411
Student_255,2,0.7800728237605654,0.6799099531490356,0.38528593070805073,0.32718896376900375
Student_255,3,0.9247075560735538,0.7444594348780811,0.5042681635823101,0.005452383309602737
Student_256,1,0.6423103410168551,0.7441101316362619,0.8994384405668825,0.25404364918358624
Student_256,2,0.8695713688386604,0.052044802345335484,0.6922607584856451,0.09923470974899828
Student_256,3,0.4874965031980537,0.16340962029062212,0.2608328959904611,0.344441405730322
Student_257,1,0.6826278080581687,0.32375848200172186,0.3400463121943176,0.011035637464374304
Student_257,2,0.8645357070839963,0.2758558429777622,0.5960107622668147,0.3335033755283803
Student_257,3,0.4323640370392241,0.8183910709340125,0.9544723364524543,0.39814267633482814
Student_258,1,0.6266603493597358,0.5898032684344798,0.451276020379737,0.8856511330232024
Student_258,2,0.6230022690724581,0.08890997804701328,0.6818099985830486,0.45084557426162064
Student_258,3,0.6459801470860839,0.2727620364166796,0.05952243017964065,0.9322024495340884
Student_259,1,0.7141243624850175,0.017358353594318032,0.9708993472158909,0.05387939838692546
Student_259,2,0.7713913765852339,0.39303847565315664,0.5774464348796755,0.12883210857398808
Student_259,3,0.4633400229387917,0.6067958537023515,0.6454569974448532,0.4961905733216554
Student_260,1,0.8599744899547659,0.11301054735668004,0.7435945274773985,0.8556860964745283
Student_260,2,0.7093045931891537,0.04627647576853633,0.6755529455840588,0.19077529129572213
Student_260,3,0.6492224400863051,0.1673139831982553,0.6887386324815452,0.5021391443442553
Student_261,1,0.4537388782249764,0.03958158544264734,0.5269865719601512,0.7293212134391069
Student_261,2,0.8078985500964335,0.027313704136759043,0.22685240162536502,0.9865510181989521
Student_261,3,0.8275142211350612,0.9672517576254904,0.7496869757305831,0.14380281348712742
Student_262,1,0.881194154790137,0.3052499678451568,0.8434572101105005,0.39591916487552226
Student_262,2,0.49003634275868535,0.8237395121250302,0.8659250377677381,0.4796516199130565
Student_262,3,0.447181089676451,0.6315124344546348,0.9886451405473053,0.28166530514135957
Student_263,1,0.7449107728898525,0.7072221948765218,0.739427627529949,0.7530068925116211
Student_263,2,0.9076990533038042,0.9219473258126527,0.21289893798530102,0.3114305722992867
Student_263,3,0.777746859122999,0.7541747398208827,0.2144444757141173,0.6672876290977001
Student_264,1,0.5071798594552093,0.05925149843096733,0.06819946016184986,0.2620999775826931
Student_264,2,0.8677101677283645,0.6475331557448953,0.5053070115391165,0.31081969500519335
Student_264,3,0.43930356627097356,0.532481248723343,0.2468397815246135,0.7514839628711343
Student_265,1,0.6311343216104432,0.749902002280578,0.8125105160288513,0.8776496313512325
Student_265,2,0.7696889813407324,0.09886782825924456,0.2633404419757426,0.4818449623417109
Student_265,3,0.9350052728317677,0.3331000250764191,0.21540677826851606,0.9858203823678195
Student_266,1,0.43475635126233103,0.24874394410289824,0.02535444195382297,0.19117353833280504
Student_266,2,0.7910832431167364,0.05105884466320276,0.9097372880205512,0.26635022461414337
Student_266,3,0.49363186804112047,0.475320175755769,0.9779099938459694,0.09442110452800989
Student_267,1,0.8320303714717738,0.9464167840778828,0.15950664249248803,0.9612372103147209
Student_267,2,0.6848654886358417,0.14786685281433165,0.06445369101129472,0.5821052908431739
Student_267,3,0.7209068024531007,0.870257267029956,0.5563162935432047,0.48890266334638
Student_268,1,0.8614145422936417,0.2911378815770149,0.990569539135322,0.6875307871960104
Student_268,2,0.5732909936574287,0.8789161473978311,0.9587412907276303,0.8560654162429273
Student_268,3,0.8387694093864411,0.9215280420612544,0.3863864140585065,0.37795624998398125
Student_269,1,0.8729221633868292,0.4053156010340899,0.6665672932285815,0.5580824804492295
Student_269,2,0.6418657787144184,0.3698176215402782,0.9406856866553426,0.03079176670871675
Student_269,3,0.7453081828658469,0.9044117466546595,0.3929467636626214,0.666580029996112
Student_270,1,0.9445194803876802,0.0073031464125961065,0.9119881375227123,0.2822615662589669
Student_270,2,0.8019180944771506,2.5983876548707485e-4,0.25278306752443314,0.5742020178586245
Student_270,3,0.6234004217782058,0.16204595565795898,0.6893114058766514,0.8171345456503332
Student_271,1,0.6224555725930259,0.6834742489736527,0.5451984137762338,0.5893573346547782
Student_271,2,0.44920382810523735,0.2592005333863199,0.47851352603174746,0.26886525144800544
Student_271,3,0.4481483804411255,0.8276789064984769,0.06084468401968479,0.3054532650858164
Student_272,1,0.5959864640492014,0.5469818050041795,0.8952488382346928,0.6033795694820583
Student_272,2,0.9347310617449693,0.618027595570311,0.6449177011381835,0.3582547053229064
Student_272,3,0.807609275681898,0.651099078822881,0.17236691992729902,0.10927851148881018
Student_273,1,0.7487743090023287,0.8025891284924,0.6087724333629012,0.5754925310611725
Student_273,2,0.5840129787800834,0.58109239814803,0.8188722704071552,0.5895335909444839
Student_273,3,0.8455624132766388,0.07037670467980206,0.24449872854165733,0.8688823962584138
Student_274,1,0.8616443550447002,0.8647333341650665,0.8214398054406047,0.4477316935081035
Student_274,2,0.8120666169328614,0.13259518751874566,0.8780518004205078,0.4217613397631794
Student_274,3,0.6765572769916617,0.9003266703803092,0.7909107659943402,0.05705465585924685
Student_275,1,0.6140495771192945,0.7065530088730156,0.8832840381655842,0.8388842535205185
Student_275,2,0.7044794467859901,0.9129617556463927,0.5923376956488937,0.9765211194753647
Student_275,3,0.9301460115704685,0.027135747019201517,0.0036703713703900576,0.7091349610127509
Student_276,1,0.7123653014423326,0.6675046572927386,0.7839808398857713,0.26101238373667
Student_276,2,0.6384748444892466,0.0686065829358995,0.3628558833152056,0.6089756363071501
Student_276,3,0.8167351151001639,0.5008860628586262,0.021666893968358636,0.6947798007167876
Student_277,1,0.5102401577983983,0.3446147663053125,0.0631958027370274,0.9683961947448552
Student_277,2,0.9054073416977189,0.9962373764719814,0.19783967291004956,0.6454062827397138
Student_277,3,0.6363072281703352,0.4170798205304891,0.48588821827434003,0.48330137925222516
Student_278,1,0.6467748749651946,0.7291822920087725,0.6949327255133539,0.26676405733451247
Student_278,2,0.4997259761672467,0.05331584485247731,0.9966938083525747,0.6155706455465406
Student_278,3,0.6415462769917213,0.46893568779341877,0.9104228895157576,0.08547365292906761
Student_279,1,0.48273547678254547,0.8125636086333543,0.9397261796984822,0.46683587157167494
Student_279,2,0.46432434769812975,0.34074715338647366,0.9783430274110287,0.5384278146084398
Student_279,3,0.7180190412560478,0.5924320311751217,0.0016172388568520546,0.3966750013642013
Student_280,1,0.8143282442702912,0.7148218690417707,0.07223981339484453,0.5602811381686479
Student_280,2,0.5636194831109606,0.7902470722328871,0.863599693402648,0.4455599298235029
Student_280,3,0.9041778670740314,0.9132723223883659,0.4940229158382863,0.44386572344228625
Student_281,1,0.4483104968327098,0.2807938074693084,0.45015351846814156,0.5617537857033312
Student_281,2,0.8033563303295523,0.6557744033634663,0.8681627404876053,0.9626049010548741
Student_281,3,0.7841109652654268,0.46854298491962254,0.9709167727269232,0.09628103510476649
Student_282,1,0.6609774914802984,0.05001152283512056,0.13895359123125672,0.41721608047373593
Student_282,2,0.49378121946938336,0.5589860964100808,0.33984344778582454,0.9237164887599647
Student_282,3,0.48225047322921455,0.7739488645456731,0.09700182918459177,0.25814913236536086
Student_283,1,0.862812623870559,0.9667348973453045,0.9760651795659214,0.2037013336084783
Student_283,2,0.8163580464432016,0.8181584235280752,0.2986920401453972,0.4657187690027058
Student_283,3,0.4627698955126107,0.07329553854651749,0.37111393292434514,0.5480437155347317
Student_284,1,0.5186288743047044,0.07903999020345509,0.24200441967695951,0.22134681371971965
Student_284,2,0.8388402627315372,0.8860322891268879,0.8520878406707197,0.5646297982893884
Student_284,3,0.669562832370866,0.4504536148160696,0.21138961124233902,0.5810297967400402
Student_285,1,0.6995301670627668,0.599712090799585,0.9095571369398385,0.817521644057706
Student_285,2,0.9375975807430222,0.7072121715173125,0.2810852383263409,0.02562947804108262
Student_285,3,0.7626796027296223,0.10818256996572018,0.015446409117430449,0.9559565002564341
Student_286,1,0.6961166616645642,0.7013419340364635,0.6046043660026044,0.7140891079325229
Student_286,2,0.6572478610905819,0.14201061823405325,0.8176888688467443,0.448544678511098
Student_286,3,0.432033106754534,0.6875884127803147,0.3568257282022387,0.12933068885467947
Student_287,1,0.707025634252932,0.7496181356254965,0.5939477235078812,0.6868982240557671
Student_287,2,0.5707560344715603,0.4930528732948005,0.6743390692863613,0.3761600377038121
Student_287,3,0.56998257645173,0.6543140124995261,0.9801471140235662,0.6471400395967066
Student_288,1,0.5375307778245769,0.29003017325885594,0.4450672457460314,0.8024777572136372
Student_288,2,0.8120300970389507,0.3944720230065286,0.06892628059722483,0.059895383194088936
Student_288,3,0.4090283183613792,0.6834835913032293,0.6733813928440213,0.4721646406687796
Student_289,1,0.5252734905225225,0.44257264863699675,0.030058511067181826,0.8690586453303695
Student_289,2,0.7974618079024367,0.5385111700743437,0.7942446186207235,0.4128770383540541
Student_289,3,0.606733706209343,0.015379214426502585,0.8658196246251464,0.1076568781863898
Student_290,1,0.7379248612094671,0.17121244594454765,0.22428234107792377,0.669205664889887
Student_290,2,0.7015244732843712,0.26708184252493083,0.47122295456938446,0.6332206078805029
Student_290,3,0.9379028022056445,0.4937997602391988,0.9909747957717627,0.11303342622704804
Student_291,1,0.7589950834400951,0.607218065764755,0.4168722149915993,0.6286369336303324
Student_291,2,0.9374412915785797,0.9005926256068051,0.0452880896627903,0.17167881317436695
Student_291,3,0.733131916623097,0.7481402268167585,0.5987131278961897,0.6259233164601028
Student_292,1,0.771578209742438,0.3232445903122425,0.3461472666822374,0.7154312438797206
Student_292,2,0.4291373347048648,0.1447138146031648,0.9111538052093238,0.22610425623133779
Student_292,3,0.9068159565911628,0.6241770817432553,0.28818178502842784,0.39605084899812937
Student_293,1,0.7795735642779618,0.4502280983142555,0.3447388866916299,0.45790637098252773
Student_293,2,0.6035298293689266,0.7551575233228505,0.7553387475199997,0.6997329902369529
Student_293,3,0.4661158922826871,0.7180816510226578,0.6172577042598277,0.09936874243430793
Student_294,1,0.6686409015208483,0.18704811786301434,0.09749937849119306,0.3559043132700026
Student_294,2,0.5917407829780131,0.6211219285614789,0.40607399703003466,0.6850408930331469
Student_294,3,0.9113222624291666,0.9585008872672915,0.15130158071406186,0.8476137756370008
Student_295,1,0.5088478949968703,0.9302946005482227,0.6675667115487158,0.9677417867351323
Student_295,2,0.4999878259259276,0.1312872883863747,0.7708042047452182,0.9276240190956742
Student_295,3,0.6703297881758772,0.38434495008550584,0.5056410252582282,0.2595125131774694
Student_296,1,0.5310415510437452,0.36113995080813766,0.24399614799767733,0.2300753251183778
Student_296,2,0.7741352415760048,0.8034606261644512,0.49148112162947655,0.5978507199324667
Student_296,3,0.6904097865801304,0.9494429042097181,0.335918074240908,0.01242306362837553
Student_297,1,0.9288301711785607,0.9610551290679723,0.9899515607394278,0.6653831340372562
Student_297,2,0.8325596225098706,0.520733478711918,0.1104606301523745,0.9883711424190551
Student_297,3,0.9186837616609409,0.29692446161061525,0.29256026935763657,0.14817618834786117
Student_298,1,0.761717234342359,0.38675268995575607,0.20853505353443325,0.8735163586679846
Student_298,2,0.9085771800018847,0.9607808704022318,0.7955645327456295,0.4865616229362786
Student_298,3,0.44589754855260255,0.2913904406595975,0.5863592738751322,0.17382464581169188
Student_299,1,0.6958239417523145,0.33300016704015434,0.9425664939917624,0.08947478584013879
Student_299,2,0.48475788661744446,0.11059699393808842,0.36355315847322345,0.016928980592638254
Student_299,3,0.4945398456882686,0.30771861132234335,0.1681104691233486,0.43930262164212763
Student_300,1,0.9098282258026301,0.5470902863889933,0.7473392463289201,0.057458336697891355
Student_300,2,0.46431211314629767,0.9866817155852914,0.7352948163170367,0.684905210044235
Student_300,3,0.6842773462994955,0.9932926988694817,0.1809318414889276,0.9010310247540474
